SMILES,PFAS,Observed_Half_Life,Observed_Half_Life_SD,Predicted_Half_Life,Predicted_Half_Life_SD
C(=O)(C(C(C(C(C(C(C(C(C(C(F)(F)F)(F)F)(F)F)(F)F)(F)F)(F)F)(F)F)(F)F)(F)F)(F)F)O,PFUdA,4.077710016551326,1.8783993243143895,2.548805638911441,2.415715340183286
C(=O)(C(C(C(C(C(C(C(C(C(F)(F)F)(F)F)(F)F)(F)F)(F)F)(F)F)(F)F)(F)F)(F)F)O,PFDA,4.177809142487434,1.530992339643266,4.83136509770119,1.9101945723379699
C(=O)(C(C(C(C(C(C(C(F)(F)F)(F)F)(F)F)(F)F)(F)F)(F)F)(F)F)O,PFOA,2.464284791020521,1.5709034772261068,0.8862009516831144,0.5734225874473114
C(=O)(C(C(C(C(C(C(F)(F)F)(F)F)(C(F)(F)F)F)(F)F)(F)F)(F)F)O,5mPFOA,0.5824968966130405,0.2839217962475239,0.6304707301530037,0.38192738584749386
C(=O)(C(C(C(C(C(F)(F)F)(F)F)(F)F)(F)F)(F)F)O,PFHxA,0.5980821917333333,1.0729309468016244,0.012360284577428216,0.12046170566658547
C(C(C(C(C(F)(F)F)(F)F)(F)F)(F)F)(C(C(F)(F)S(=O)(=O)O)(F)F)(C(F)(F)F)F,3mPFOS,4.835263723787996,2.7109747263064,6.086761759956917,2.4840995558764223
C(C(C(C(C(F)(F)S(=O)(=O)O)(F)F)(F)F)(F)F)(C(C(F)(F)F)(F)F)(C(F)(F)F)F,5mPFOS,4.835263723787996,2.7109747263064,4.267118133751863,3.419290646989289
C(C(C(C(F)(F)F)(F)F)(F)F)(C(C(C(F)(F)S(=O)(=O)O)(F)F)(F)F)(F)F,PFHpS,4.7569545917239155,2.427844304778332,4.480273718546087,2.3728126405685996
